session_id,platform,username,line_display_name,question,answer,timestamp,feedback
gradio_user,gradio,gradio_user,,請問一下有關商用軟體的介紹有哪些適合營造業?,"當然可以！以下是一些適合營造業使用的商用軟體，這些軟體可以幫助您管理專案進度、成本控制、材料追蹤等需求：

1. **Microsoft Project**：這是一款功能強大的專案管理軟體，可以幫助您管理專案進度、資源分配、時間表和成本控制。它提供詳細的報告和圖表，讓您可以輕鬆監控專案進度。

2. **Procore**：這是一款專為建築業設計的管理軟體，提供全面的建築管理解決方案，包括專案進度、成本管理、材料追蹤、現場安全監控等功能。它提供雲端平台，讓您可以隨時隨地存取資料。

3. **AECOs**：這是一款建築工程公司使用的管理軟體，提供專案管理、成本控制、材料追蹤、現場監控等功能。它提供直觀的介面和強大的分析工具，讓您可以輕鬆管理建築工程專案。

4. **BIM 360**：這是一款建築信息模型（BIM）的管理軟體，可以幫助您管理BIM專案，包括模型協作、文件管理、進度追蹤等。它提供雲端平台，讓您可以隨時隨地存取資料。

5. **Jobsite**：這是一款現場管理軟體，提供現場監控、安全管理、進度追蹤、成本控制等功能。它提供行動應用程式，讓您可以隨時隨地存取資料。

6. **Procore Field**：這是一款現場管理軟體，提供現場監控、安全管理、進度追蹤、成本控制等功能。它提供行動應用程式，讓您可以隨時隨地存取資料。

7. **DuraSpace**：這是一款建築工程公司使用的管理軟體，提供專案管理、成本控制、材料追蹤、現場監控等功能。它提供雲端平台，讓您可以隨時隨地存取資料。

8. **Buildium**：這是一款建築管理軟體，提供專案管理、成本控制、材料追蹤、現場監控等功能。它提供雲端平台，讓您可以隨時隨地存取資料。

這些軟體可以幫助您提高營造業的效率和效益，讓您可以更有效地管理專案、控制成本、追蹤材料和進度。您可以根據您的具體需求和預算選擇最適合您的軟體。",2025-05-25 11:11:25,1
gradio_user,gradio,gradio_user,,請問一下有關商用軟體的介紹有哪些適合營造業?,"當然可以！以下是一些商用軟體，特別適合營造業使用：

1. **企業買賣總管**：
   - 功能：進銷存、財務管理、訂單追蹤、庫存管理、報表生成、客戶關係管理等。
   - 適用行業：零售、製造、服務、醫療、物流、教育、餐飲、建築等。
   - 優點：提供全面的管理功能，適合中小企業使用。

2. **買賣幫手**：
   - 功能：快速結帳、庫存追蹤、銷售報表、客戶管理、發票開立、行動結帳、多店面管理、促銷管理、訂單管理、資料匯出、多語言設定、線上支付、會員管理、自動結算、庫存警報、資料分析、多設備使用、折扣管理、退貨管理、即時通知、產品搜尋、批次上架、報表自訂、條碼掃描等。
   - 適用行業：零售、餐飲、服務業。
   - 優點：簡化買賣管理，適合小型企業和自由工作者。

3. **雲太系統**：
   - 功能：進銷存、財務管理、訂單追蹤、庫存管理、報表生成、客戶關係管理、多倉庫管理、多幣種交易、採購管理、自動化工作流程、應收帳款管理、即時庫存更新、產品分類、訂單狀態通知、多語言介面、資料視覺化、批次處理、行動裝置存取、報價管理、供應商管理、折扣設定、多用戶協作、退貨處理、條碼管理等。
   - 適用行業：零售、製造、服務、醫療、物流、教育、餐飲、建築等。
   - 優點：提供豐富的功能，適合中大型企業使用。

4. **建築管理軟體**：
   - 功能：專案進度、成本管理、材料追蹤、專案成本管理、材料追蹤等。
   - 適用行業：建築業。
   - 優點：專為建築業設計，幫助管理專案進度和成本。

5. **工程管理軟體**：
   - 功能：工程進度管理、成本控制、材料管理、現場管理等。
   - 適用行業：工程建設業。
   - 優點：幫助工程公司高效管理工程項目。

6. **物流管理軟體**：
   - 功能：運輸排程、貨物追蹤、物流管理等。
   - 適用行業：物流業。
   - 優點：提供物流業所需的運輸和追蹤功能。

7. **醫療管理軟體**：
   - 功能：病歷管理、預約管理、藥物追蹤、合規管理等。
   - 適用行業：醫療業。
   - 優點：符合 HIPAA 規範，適合醫療機構使用。

8. **教育管理軟體**：
   - 功能：學生記錄、課程管理、考試成績、學生記錄、課程管理、考試成績等。
   - 適用行業：教育業。
   - 優點：幫助教育機構管理學生資料和課程。

這些軟體可以幫助營造業提高效率、優化流程、提高管理水平，是營造業不可或缺的工具。",2025-05-25 11:12:32,0
gradio_user,gradio,gradio_user,,請問一下有關商用軟體的介紹有哪些適合營造業?,"當然可以！以下是一些商用軟體，特別適合營造業使用，這些軟體可以幫助您管理專案進度、成本控制、材料追蹤等需求：

1. **Procore**：
   - 功能：專為建築業設計的管理軟體，提供全面的建築管理解決方案，包括專案進度、成本管理、材料追蹤、現場安全監控等功能。
   - 優點：提供雲端平台，讓您可以隨時隨地存取資料，並提供詳細的報告和圖表，讓您可以輕鬆監控專案進度。

2. **AECOs**：
   - 功能：建築工程公司使用的管理軟體，提供專案管理、成本控制、材料追蹤、現場監控等功能。
   - 優點：提供直觀的介面和強大的分析工具，讓您可以輕鬆管理建築工程專案。

3. **BIM 360**：
   - 功能：建築信息模型（BIM）的管理軟體，可以幫助您管理BIM專案，包括模型協作、文件管理、進度追蹤等。
   - 優點：提供雲端平台，讓您可以隨時隨地存取資料，並提供豐富的BIM管理功能。

4. **Jobsite**：
   - 功能：現場管理軟體，提供現場監控、安全管理、進度追蹤、成本控制等功能。
   - 優點：提供行動應用程式，讓您可以隨時隨地存取資料，並提供詳細的現場管理功能。

5. **Procore Field**：
   - 功能：現場管理軟體，提供現場監控、安全管理、進度追蹤、成本控制等功能。
   - 優點：提供行動應用程式，讓您可以隨時隨地存取資料，並提供詳細的現場管理功能。

6. **DuraSpace**：
   - 功能：建築工程公司使用的管理軟體，提供專案管理、成本控制、材料追蹤、現場監控等功能。
   - 優點：提供雲端平台，讓您可以隨時隨地存取資料，並提供豐富的建築工程管理功能。

7. **Buildium**：
   - 功能：建築管理軟體，提供專案管理、成本控制、材料追蹤、現場監控等功能。
   - 優",2025-05-25 11:12:52,1
line_Ub2eb02fea865d917854d6ecaace84c70,line,line_Ub2eb02fea865d917854d6ecaace84c70,KentChang-廠內維修中,營造業商業軟體的費用是多少錢,"營造業商業軟體的費用因需求而異，一般從數千元到數十萬元不等。

精簡回應：費用因需求而異，一般從數千元到數十萬元不等。",2025-05-25 11:13:52,0
line_Ub2eb02fea865d917854d6ecaace84c70,line,line_Ub2eb02fea865d917854d6ecaace84c70,KentChang-廠內維修中,軟體的續約保固怎麼計算,"軟體的續約保固通常按年計算，費用視產品及服務內容而定。

精簡回應：按年計算，視產品及服務內容而定。",2025-05-25 11:14:17,0
